update,frames,FPS,duration,rreturn_mean,rreturn_std,rreturn_min,rreturn_max,num_frames_mean,num_frames_std,num_frames_min,num_frames_max,entropy,value,policy_loss,value_loss,grad_norm,return_mean,return_std,return_min,return_max
1,128,455.2454099889765,0,0.0,0.0,0,0,0.0,0.0,0,0,2.3826847076416016,0.13092954456806183,0.03831837326288223,0.0010788902873173356,0.03593331256313165,0.0,0.0,0,0
update,frames,FPS,duration,rreturn_mean,rreturn_std,rreturn_min,rreturn_max,num_frames_mean,num_frames_std,num_frames_min,num_frames_max,entropy,value,policy_loss,value_loss,grad_norm,return_mean,return_std,return_min,return_max
2,256,778.0444678896157,0,0.0,0.0,0,0,0.0,0.0,0,0,2.3641698360443115,0.1212683692574501,0.014537622220814228,0.00021973215916659683,0.01176089529985937,0.0,0.0,0,0
update,frames,FPS,duration,rreturn_mean,rreturn_std,rreturn_min,rreturn_max,num_frames_mean,num_frames_std,num_frames_min,num_frames_max,entropy,value,policy_loss,value_loss,grad_norm,return_mean,return_std,return_min,return_max
3,384,844.1048010766889,0,0.0,0.0,0,0,0.0,0.0,0,0,2.348480224609375,0.10020050406455994,0.01755366101861,5.687884186045267e-05,0.0077776266565392285,0.0,0.0,0,0
update,frames,FPS,duration,rreturn_mean,rreturn_std,rreturn_min,rreturn_max,num_frames_mean,num_frames_std,num_frames_min,num_frames_max,entropy,value,policy_loss,value_loss,grad_norm,return_mean,return_std,return_min,return_max
4,512,799.2801949700236,0,0.0,0.0,0,0,0.0,0.0,0,0,2.3696563243865967,0.07449871301651001,0.012182625941932201,0.0001145763962995261,0.010441890580200975,0.0,0.0,0,0
update,frames,FPS,duration,rreturn_mean,rreturn_std,rreturn_min,rreturn_max,num_frames_mean,num_frames_std,num_frames_min,num_frames_max,entropy,value,policy_loss,value_loss,grad_norm,return_mean,return_std,return_min,return_max
5,640,815.4485088285552,0,0.0,0.0,0,0,0.0,0.0,0,0,2.3759946823120117,0.06854114681482315,0.008843637071549892,7.388369704131037e-05,0.005117349615471232,0.0,0.0,0,0
update,frames,FPS,duration,rreturn_mean,rreturn_std,rreturn_min,rreturn_max,num_frames_mean,num_frames_std,num_frames_min,num_frames_max,entropy,value,policy_loss,value_loss,grad_norm,return_mean,return_std,return_min,return_max
6,768,799.0410868381024,1,0.0,0.0,0,0,0.0,0.0,0,0,2.3729143142700195,0.07295212894678116,0.007663881406188011,0.00019609830633271486,0.014739615334001232,0.0,0.0,0,0
update,frames,FPS,duration,rreturn_mean,rreturn_std,rreturn_min,rreturn_max,num_frames_mean,num_frames_std,num_frames_min,num_frames_max,entropy,value,policy_loss,value_loss,grad_norm,return_mean,return_std,return_min,return_max
7,896,810.9636504253674,1,1.0,0.0,1.0,1.0,830.0,0.0,830.0,830.0,2.3672327995300293,0.10415729135274887,-0.11801183223724365,0.030537528917193413,0.10668567295578957,1.0,0.0,1.0,1.0
update,frames,FPS,duration,rreturn_mean,rreturn_std,rreturn_min,rreturn_max,num_frames_mean,num_frames_std,num_frames_min,num_frames_max,entropy,value,policy_loss,value_loss,grad_norm,return_mean,return_std,return_min,return_max
8,1024,870.1494715447814,1,1.0,0.0,1.0,1.0,830.0,0.0,830.0,830.0,2.3617002964019775,0.0534248873591423,-0.0037585210520774126,0.0005793313612230122,0.011430034570742027,1.0,0.0,1.0,1.0
update,frames,FPS,duration,rreturn_mean,rreturn_std,rreturn_min,rreturn_max,num_frames_mean,num_frames_std,num_frames_min,num_frames_max,entropy,value,policy_loss,value_loss,grad_norm,return_mean,return_std,return_min,return_max
9,1152,832.0600095159718,1,1.0,0.0,1.0,1.0,830.0,0.0,830.0,830.0,2.3576440811157227,0.05944668874144554,0.02494618482887745,0.0004594231431838125,0.014265043849982464,1.0,0.0,1.0,1.0
update,frames,FPS,duration,rreturn_mean,rreturn_std,rreturn_min,rreturn_max,num_frames_mean,num_frames_std,num_frames_min,num_frames_max,entropy,value,policy_loss,value_loss,grad_norm,return_mean,return_std,return_min,return_max
10,1280,840.0118787776374,1,1.0,0.0,1.0,1.0,830.0,0.0,830.0,830.0,2.340463161468506,0.07654612511396408,0.012721730396151543,0.00031657773070037365,0.01723906393073517,1.0,0.0,1.0,1.0
11,1408,801.1468137430461,1,1.0,0.0,1.0,1.0,830.0,0.0,830.0,830.0,2.3307175636291504,0.08214990049600601,0.008713796734809875,0.00023769466497469693,0.009064851756812388,1.0,0.0,1.0,1.0
12,1536,785.3490772489497,2,1.0,0.0,1.0,1.0,830.0,0.0,830.0,830.0,2.340756893157959,0.0806097462773323,0.01691598631441593,0.00023872024030424654,0.01232438816835973,1.0,0.0,1.0,1.0
13,1664,766.5138676710366,2,1.0,0.0,1.0,1.0,830.0,0.0,830.0,830.0,2.362614870071411,0.07623938471078873,0.008363086730241776,9.496035636402667e-05,0.0089529777795406,1.0,0.0,1.0,1.0
14,1792,795.2818404017361,2,1.0,0.0,1.0,1.0,830.0,0.0,830.0,830.0,2.373192310333252,0.06569088995456696,0.012220078147947788,5.171994780539535e-05,0.006581375655883023,1.0,0.0,1.0,1.0
15,1920,801.167137981618,2,1.0,0.0,1.0,1.0,830.0,0.0,830.0,830.0,2.38181471824646,0.06120539829134941,0.008158055134117603,5.371113365981728e-05,0.00703099618788044,1.0,0.0,1.0,1.0
16,2048,880.1061496015619,2,1.0,0.0,1.0,1.0,830.0,0.0,830.0,830.0,2.391423225402832,0.0442659966647625,0.01019018329679966,3.325619763927534e-05,0.006603103501925041,1.0,0.0,1.0,1.0
17,2176,838.8214802431136,2,1.0,0.0,1.0,1.0,830.0,0.0,830.0,830.0,2.3884966373443604,0.03148214519023895,0.00863408762961626,0.00013794492406304926,0.012959861556282688,1.0,0.0,1.0,1.0
18,2304,882.8138968914848,2,1.0,0.0,1.0,1.0,830.0,0.0,830.0,830.0,2.39286732673645,0.026541244238615036,0.005073736887425184,1.633789543120656e-05,0.002157200119011497,1.0,0.0,1.0,1.0
19,2432,835.5083228545461,3,1.0,0.0,1.0,1.0,830.0,0.0,830.0,830.0,2.391549825668335,0.020332131534814835,0.003925960510969162,2.4357836082344875e-05,0.004170432185363768,1.0,0.0,1.0,1.0
20,2560,825.4929731657963,3,1.0,0.0,1.0,1.0,830.0,0.0,830.0,830.0,2.3893840312957764,0.021554064005613327,0.0009214625461027026,3.0413624699576758e-05,0.0027897193424896993,1.0,0.0,1.0,1.0
21,2688,763.9517498986133,3,1.0,0.0,1.0,1.0,830.0,0.0,830.0,830.0,2.3892083168029785,0.026082828640937805,0.0034431195817887783,4.058016202179715e-05,0.004914522067471502,1.0,0.0,1.0,1.0
22,2816,801.3919689277723,3,1.0,0.0,1.0,1.0,830.0,0.0,830.0,830.0,2.3829879760742188,0.02265791967511177,0.0022868106607347727,3.940678288927302e-05,0.0044539276624244945,1.0,0.0,1.0,1.0
23,2944,675.7930040494391,3,1.0,0.0,1.0,1.0,830.0,0.0,830.0,830.0,2.3905141353607178,0.01629505306482315,0.004104006104171276,3.5679364373208955e-05,0.005305759850979122,1.0,0.0,1.0,1.0
24,3072,803.17354066277,3,1.0,0.0,1.0,1.0,830.0,0.0,830.0,830.0,2.3870294094085693,0.016320161521434784,0.0015649821143597364,2.7873033104697242e-05,0.0028733937618858948,1.0,0.0,1.0,1.0
25,3200,815.5971652323187,4,1.0,0.0,1.0,1.0,830.0,0.0,830.0,830.0,2.3855485916137695,0.013310296460986137,0.004482876975089312,4.1010491258930415e-05,0.005585608849640699,1.0,0.0,1.0,1.0
26,3328,820.8232099611047,4,1.0,0.0,1.0,1.0,830.0,0.0,830.0,830.0,2.3940746784210205,0.00887917261570692,0.0015123585471883416,1.7266764189116657e-05,0.002239702179368018,1.0,0.0,1.0,1.0
27,3456,784.5055944168348,4,1.0,0.0,1.0,1.0,830.0,0.0,830.0,830.0,2.394684076309204,0.008855076506733894,0.0005941497511230409,1.1855931006721221e-05,0.0034315678821910784,1.0,0.0,1.0,1.0
28,3584,832.2702598795786,4,1.0,0.0,1.0,1.0,830.0,0.0,830.0,830.0,2.395836353302002,0.01050993800163269,0.0010556152556091547,2.3546137526864186e-05,0.001978201203747879,1.0,0.0,1.0,1.0
29,3712,796.5502889487311,4,1.0,0.0,1.0,1.0,830.0,0.0,830.0,830.0,2.3957831859588623,0.004172659013420343,0.0019812691025435925,1.802554470486939e-05,0.001855063001812433,1.0,0.0,1.0,1.0
30,3840,796.1038060539197,4,1.0,0.0,1.0,1.0,830.0,0.0,830.0,830.0,2.3940212726593018,0.0006504363846033812,-0.0008770123240537941,1.1780330169131048e-05,0.001983783389990137,1.0,0.0,1.0,1.0
31,3968,809.0157050074592,5,1.0,0.0,1.0,1.0,830.0,0.0,830.0,830.0,2.392148733139038,0.000952559057623148,0.0015614755684509873,1.6729354683775455e-05,0.0015298573559029945,1.0,0.0,1.0,1.0
32,4096,881.8394502043337,5,1.0,0.0,1.0,1.0,830.0,0.0,830.0,830.0,2.396195411682129,-0.0017289534443989396,-0.0003640236100181937,7.775163794576656e-06,0.0015588727240836249,1.0,0.0,1.0,1.0
33,4224,848.0475399918176,5,1.0,0.0,1.0,1.0,830.0,0.0,830.0,830.0,2.3915340900421143,0.0005169477663002908,-0.0007876852178014815,2.3834762032493018e-05,0.002229856398229589,1.0,0.0,1.0,1.0
34,4352,858.577220963277,5,1.0,0.0,1.0,1.0,830.0,0.0,830.0,830.0,2.394747495651245,0.0008679172024130821,0.00011950861517107114,1.6504327504662797e-05,0.0016323476701161873,1.0,0.0,1.0,1.0
35,4480,848.4911748343701,5,1.0,0.0,1.0,1.0,830.0,0.0,830.0,830.0,2.394535541534424,0.0015380294062197208,0.0004492094158194959,7.109267698979238e-06,0.001061791664856395,1.0,0.0,1.0,1.0
36,4608,871.9938409763482,5,1.0,0.0,1.0,1.0,830.0,0.0,830.0,830.0,2.3937127590179443,-0.005594391375780106,0.0008695466094650328,2.6923966288450174e-05,0.0015584999570580759,1.0,0.0,1.0,1.0
37,4736,836.5302789260544,6,1.0,0.0,1.0,1.0,830.0,0.0,830.0,830.0,2.3937525749206543,0.0007212079945020378,-0.002977894153445959,1.9958259144914337e-05,0.0023632202485481643,1.0,0.0,1.0,1.0
38,4864,830.0326248788278,6,1.0,0.0,1.0,1.0,830.0,0.0,830.0,830.0,2.3938004970550537,0.005870425142347813,0.0010711834765970707,2.8232298063812777e-05,0.0017947872449593871,1.0,0.0,1.0,1.0
39,4992,850.3228867880001,6,1.0,0.0,1.0,1.0,4039.0,0.0,4039.0,4039.0,2.379915952682495,0.058676525950431824,-0.043450236320495605,0.021598616614937782,0.07492593880043195,1.0,0.0,1.0,1.0
40,5120,843.80231732081,6,1.0,0.0,1.0,1.0,4039.0,0.0,4039.0,4039.0,2.3787291049957275,0.04832758754491806,0.00746179511770606,0.00022808011271990836,0.011427913480123314,1.0,0.0,1.0,1.0
41,5248,799.1612178156068,6,1.0,0.0,1.0,1.0,4039.0,0.0,4039.0,4039.0,2.3764841556549072,0.05753928795456886,0.01495309267193079,0.0003779038670472801,0.009172585554660228,1.0,0.0,1.0,1.0
42,5376,806.9363794865628,6,1.0,0.0,1.0,1.0,4039.0,0.0,4039.0,4039.0,2.3849921226501465,0.03559669479727745,0.006954386364668608,0.0001355240965494886,0.01011853923932667,1.0,0.0,1.0,1.0
43,5504,837.3522575734653,6,1.0,0.0,1.0,1.0,4039.0,0.0,4039.0,4039.0,2.387049674987793,0.02480427362024784,-0.0005527923349291086,0.00011720677139237523,0.006125738780941962,1.0,0.0,1.0,1.0
44,5632,848.7728757394952,7,1.0,0.0,1.0,1.0,655.0,0.0,655.0,655.0,2.3376846313476562,0.10856378823518753,-0.05852355808019638,0.020949488505721092,0.08605343250339309,1.0,0.0,1.0,1.0
45,5760,801.3823990828906,7,1.0,0.0,1.0,1.0,655.0,0.0,655.0,655.0,2.3887686729431152,0.03604599088430405,0.010367194190621376,0.0005145638715475798,0.027092186479561537,1.0,0.0,1.0,1.0
46,5888,834.7795107979892,7,1.0,0.0,1.0,1.0,655.0,0.0,655.0,655.0,2.387031078338623,0.04287077113986015,0.006929148454219103,0.00019857521692756563,0.007670704740032023,1.0,0.0,1.0,1.0
47,6016,849.3516196141403,7,1.0,0.0,1.0,1.0,655.0,0.0,655.0,655.0,2.375553607940674,0.05481056869029999,0.008436761796474457,0.00010472621215740219,0.010284589552690872,1.0,0.0,1.0,1.0
48,6144,821.0014527726548,7,1.0,0.0,1.0,1.0,655.0,0.0,655.0,655.0,2.3818283081054688,0.03398345410823822,0.007500761654227972,0.00011253883712925017,0.005941679104576116,1.0,0.0,1.0,1.0
49,6272,725.9731149571546,7,1.0,0.0,1.0,1.0,655.0,0.0,655.0,655.0,2.3402249813079834,0.10785975307226181,0.000897543563041836,0.019244400784373283,0.04314074156118466,1.0,0.0,1.0,1.0
50,6400,830.349715416976,8,1.0,0.0,1.0,1.0,655.0,0.0,655.0,655.0,2.3682353496551514,0.06379010528326035,0.010300240479409695,0.00011753064609365538,0.010635207720480298,1.0,0.0,1.0,1.0
51,6528,836.1524499550674,8,1.0,0.0,1.0,1.0,655.0,0.0,655.0,655.0,2.3534095287323,0.018515173345804214,-0.00021968634973745793,0.0006145552615635097,0.013038735197111068,1.0,0.0,1.0,1.0
52,6656,867.5131321683995,8,1.0,0.0,1.0,1.0,655.0,0.0,655.0,655.0,2.2970800399780273,0.029281508177518845,0.007126747630536556,0.00024613135610707104,0.007930263330811973,1.0,0.0,1.0,1.0
53,6784,847.7328541517318,8,1.0,0.0,1.0,1.0,655.0,0.0,655.0,655.0,2.3623106479644775,0.02261265553534031,0.0025825509801506996,4.8192239773925394e-05,0.006849077554695395,1.0,0.0,1.0,1.0
54,6912,826.8202303948747,8,1.0,0.0,1.0,1.0,655.0,0.0,655.0,655.0,2.3786776065826416,0.0062583452090620995,0.0009160709450952709,7.888771506259218e-05,0.003488141820315222,1.0,0.0,1.0,1.0
55,7040,839.2883124841716,8,1.0,0.0,1.0,1.0,655.0,0.0,655.0,655.0,2.3896350860595703,0.010316708125174046,0.004610962700098753,4.41619886260014e-05,0.001898924769624827,1.0,0.0,1.0,1.0
56,7168,794.2570608973268,9,1.0,0.0,1.0,1.0,655.0,0.0,655.0,655.0,2.3894948959350586,-0.0014891474274918437,0.005305210594087839,8.975579839898273e-05,0.0027955799254289764,1.0,0.0,1.0,1.0
57,7296,802.291357080093,9,1.0,0.0,1.0,1.0,655.0,0.0,655.0,655.0,2.387580633163452,-0.0010303296148777008,-0.0025269577745348215,1.3651122571900487e-05,0.0025335174145318983,1.0,0.0,1.0,1.0
58,7424,841.429790328597,9,1.0,0.0,1.0,1.0,655.0,0.0,655.0,655.0,2.394371747970581,0.001911674626171589,0.0008823552052490413,1.0969459253828973e-05,0.0008910416473117453,1.0,0.0,1.0,1.0
59,7552,804.6517837739,9,1.0,0.0,1.0,1.0,655.0,0.0,655.0,655.0,2.3947455883026123,0.0014096680097281933,0.0006635825266130269,6.2915601120039355e-06,0.0007127925845950914,1.0,0.0,1.0,1.0
60,7680,820.4594332731212,9,1.0,0.0,1.0,1.0,655.0,0.0,655.0,655.0,2.3956782817840576,0.00033233591238968074,0.0006951662944629788,4.328181603341363e-06,0.0008303983722375566,1.0,0.0,1.0,1.0
61,7808,849.336839074459,9,1.0,0.0,1.0,1.0,655.0,0.0,655.0,655.0,2.395625114440918,0.0019667523447424173,7.875851588323712e-05,7.730700417596381e-06,0.0005864038179516447,1.0,0.0,1.0,1.0
62,7936,843.1026602594303,9,1.0,0.0,1.0,1.0,2410.0,0.0,2410.0,2410.0,2.357694625854492,0.17334432899951935,-0.14753727614879608,0.042271483689546585,0.09208317740446893,1.0,0.0,1.0,1.0
63,8064,811.8478319055793,10,1.0,0.0,1.0,1.0,2410.0,0.0,2410.0,2410.0,2.386705160140991,0.0818084180355072,0.01575758494436741,0.0003493284748401493,0.01666084406785701,1.0,0.0,1.0,1.0
64,8192,847.2338533159743,10,1.0,0.0,1.0,1.0,2410.0,0.0,2410.0,2410.0,2.3867921829223633,0.05999990180134773,0.013332884758710861,9.0902773081325e-05,0.008085830640409986,1.0,0.0,1.0,1.0
65,8320,817.1053695361013,10,1.0,0.0,1.0,1.0,2410.0,0.0,2410.0,2410.0,2.388608455657959,0.04795493558049202,0.007779616396874189,7.175919017754495e-05,0.007026076953377981,1.0,0.0,1.0,1.0
66,8448,853.9816119159874,10,1.0,0.0,1.0,1.0,2410.0,0.0,2410.0,2410.0,2.3897452354431152,0.044838398694992065,0.006233831401914358,0.0001360134338028729,0.008763462517444191,1.0,0.0,1.0,1.0
67,8576,801.0918239143864,10,1.0,0.0,1.0,1.0,2410.0,0.0,2410.0,2410.0,2.3918874263763428,0.030852649360895157,0.006803163327276707,2.713970206968952e-05,0.004941129429161526,1.0,0.0,1.0,1.0
68,8704,802.5276161291528,10,1.0,0.0,1.0,1.0,2410.0,0.0,2410.0,2410.0,2.3925373554229736,0.01813983917236328,0.005689709912985563,4.014688965980895e-05,0.004236479119423966,1.0,0.0,1.0,1.0
69,8832,771.8009453600304,11,1.0,0.0,1.0,1.0,2410.0,0.0,2410.0,2410.0,2.393322706222534,0.015008696354925632,0.0024909377098083496,4.719210210168967e-06,0.002295699273913256,1.0,0.0,1.0,1.0
70,8960,841.3084818644243,11,1.0,0.0,1.0,1.0,2410.0,0.0,2410.0,2410.0,2.393432140350342,0.004501522518694401,0.007133339997380972,7.438781176460907e-05,0.0063970633443952716,1.0,0.0,1.0,1.0
71,9088,816.217150762822,11,1.0,0.0,1.0,1.0,2410.0,0.0,2410.0,2410.0,2.393923759460449,0.015627166256308556,0.0017271738033741713,0.00014929534518159926,0.005972872433605038,1.0,0.0,1.0,1.0
72,9216,873.3925582727071,11,1.0,0.0,1.0,1.0,2410.0,0.0,2410.0,2410.0,2.384763240814209,0.0744018405675888,-0.0004670617636293173,0.0015784393763169646,0.022992097423146625,1.0,0.0,1.0,1.0
73,9344,835.6734890830442,11,1.0,0.0,1.0,1.0,2410.0,0.0,2410.0,2410.0,2.3847031593322754,0.07394248247146606,0.011517507024109364,0.0002124704042216763,0.008835781281570185,1.0,0.0,1.0,1.0
74,9472,871.0035529914891,11,1.0,0.0,1.0,1.0,2410.0,0.0,2410.0,2410.0,2.335627794265747,0.12210197001695633,0.0051223477348685265,0.0009888970525935292,0.021253261899424235,1.0,0.0,1.0,1.0
75,9600,731.3829349266874,12,1.0,0.0,1.0,1.0,2410.0,0.0,2410.0,2410.0,2.3328638076782227,0.11760082840919495,0.015303386375308037,0.0005129885976202786,0.02400893128569349,1.0,0.0,1.0,1.0
76,9728,827.0915457698037,12,1.0,0.0,1.0,1.0,2410.0,0.0,2410.0,2410.0,2.388481616973877,0.06822976469993591,0.013422983698546886,0.00015163933858275414,0.01033667173238936,1.0,0.0,1.0,1.0
77,9856,795.2382540841674,12,1.0,0.0,1.0,1.0,2410.0,0.0,2410.0,2410.0,2.390735626220703,0.05761481076478958,0.00937571655958891,8.33631056593731e-05,0.007056183711816914,1.0,0.0,1.0,1.0
78,9984,822.1682159407284,12,1.0,0.0,1.0,1.0,2410.0,0.0,2410.0,2410.0,2.3903627395629883,0.05634748190641403,0.005871492903679609,9.964263153960928e-05,0.006090839075077885,1.0,0.0,1.0,1.0
79,10112,840.7340605787269,12,1.0,0.0,1.0,1.0,2410.0,0.0,2410.0,2410.0,2.386648416519165,0.06202775985002518,0.013862945139408112,5.535532545763999e-05,0.006554244868119153,1.0,0.0,1.0,1.0
80,10240,849.3193718271401,12,1.0,0.0,1.0,1.0,2410.0,0.0,2410.0,2410.0,2.389728307723999,0.04920164868235588,0.009002934210002422,6.222894444363192e-05,0.005933410455300337,1.0,0.0,1.0,1.0
81,10368,845.6710950372217,12,1.0,0.0,1.0,1.0,2410.0,0.0,2410.0,2410.0,2.391528367996216,0.040376439690589905,0.006748351734131575,5.958482142887078e-05,0.007487190500693252,1.0,0.0,1.0,1.0
82,10496,854.231630399501,13,1.0,0.0,1.0,1.0,2410.0,0.0,2410.0,2410.0,2.39235258102417,0.03607836365699768,0.0036667753010988235,3.94021044485271e-05,0.003306282531347384,1.0,0.0,1.0,1.0
83,10624,846.4937932513335,13,1.0,0.0,1.0,1.0,2410.0,0.0,2410.0,2410.0,2.393552780151367,0.028518496081233025,0.006390197202563286,3.773891876335256e-05,0.00545078309492866,1.0,0.0,1.0,1.0
84,10752,861.7427633120708,13,1.0,0.0,1.0,1.0,2410.0,0.0,2410.0,2410.0,2.3961102962493896,0.02186180092394352,0.0049946727231144905,9.054612746695057e-06,0.0017005991334808695,1.0,0.0,1.0,1.0
85,10880,820.7228255552294,13,1.0,0.0,1.0,1.0,2410.0,0.0,2410.0,2410.0,2.3960862159729004,0.016961868852376938,0.0023799908813089132,1.6924905139603652e-05,0.0023415927385186026,1.0,0.0,1.0,1.0
86,11008,816.9101684882919,13,1.0,0.0,1.0,1.0,2410.0,0.0,2410.0,2410.0,2.395954132080078,0.014721767045557499,0.002869137329980731,2.9326842195587233e-05,0.0018523578121413763,1.0,0.0,1.0,1.0
87,11136,790.811582504279,13,1.0,0.0,1.0,1.0,2410.0,0.0,2410.0,2410.0,2.3962979316711426,0.007715389132499695,0.0019358868012204766,5.3964477046974935e-06,0.001234907930415169,1.0,0.0,1.0,1.0
88,11264,857.7295089955442,14,1.0,0.0,1.0,1.0,2410.0,0.0,2410.0,2410.0,2.3964662551879883,0.007619885727763176,0.0012821517884731293,3.9229589674505405e-06,0.0012462261796277393,1.0,0.0,1.0,1.0
89,11392,845.1798398967279,14,1.0,0.0,1.0,1.0,2410.0,0.0,2410.0,2410.0,2.3966338634490967,0.007157200016081333,0.0004049853014294058,8.53348319651559e-06,0.0007580405894145819,1.0,0.0,1.0,1.0
90,11520,834.5653962262978,14,1.0,0.0,1.0,1.0,2410.0,0.0,2410.0,2410.0,2.3962759971618652,0.0067018610425293446,0.0009612684953026474,5.872093879588647e-06,0.0006322461339803642,1.0,0.0,1.0,1.0
91,11648,818.9338365063845,14,1.0,0.0,1.0,1.0,2410.0,0.0,2410.0,2410.0,2.3964931964874268,0.004827846307307482,0.0013587874127551913,4.377359800855629e-06,0.0009017412104358459,1.0,0.0,1.0,1.0
92,11776,852.8271775752598,14,1.0,0.0,1.0,1.0,2410.0,0.0,2410.0,2410.0,2.3965041637420654,0.0045822784304618835,0.000757880334276706,4.9777713684306946e-06,0.0009774670868638489,1.0,0.0,1.0,1.0
93,11904,855.1350896753846,14,1.0,0.0,1.0,1.0,2410.0,0.0,2410.0,2410.0,2.3966732025146484,0.002775226952508092,0.0007006868836469948,5.110449592393707e-07,0.0005343861994310004,1.0,0.0,1.0,1.0
94,12032,857.4664828872743,14,1.0,0.0,1.0,1.0,2410.0,0.0,2410.0,2410.0,2.3954122066497803,0.00303558143787086,0.0002347706613363698,8.264488315035123e-06,0.0007590577905507873,1.0,0.0,1.0,1.0
95,12160,867.0913991953654,15,1.0,0.0,1.0,1.0,2410.0,0.0,2410.0,2410.0,2.395368814468384,-0.0006657918565906584,0.0013610434252768755,1.0337368621549103e-05,0.0013603675610567832,1.0,0.0,1.0,1.0
96,12288,850.1263018214812,15,1.0,0.0,1.0,1.0,2410.0,0.0,2410.0,2410.0,2.3947291374206543,0.0011953365756198764,0.00012627284741029143,2.032261181739159e-05,0.0016287144612241345,1.0,0.0,1.0,1.0
97,12416,786.6955122663157,15,1.0,0.0,1.0,1.0,2410.0,0.0,2410.0,2410.0,2.396216630935669,-0.0002149748324882239,0.00035630236379802227,6.515135737572564e-06,0.0007481663030540123,1.0,0.0,1.0,1.0
98,12544,841.8440849761341,15,1.0,0.0,1.0,1.0,2410.0,0.0,2410.0,2410.0,2.396824598312378,1.8458578779245727e-05,-8.200523734558374e-05,5.4777356126578525e-06,0.00039587035953287894,1.0,0.0,1.0,1.0
99,12672,780.7441568262462,15,1.0,0.0,1.0,1.0,2410.0,0.0,2410.0,2410.0,2.3966500759124756,-0.0006633462617173791,-0.0003514941199682653,3.5111618217342766e-06,0.0006758493494007946,1.0,0.0,1.0,1.0
100,12800,789.9563315436103,15,1.0,0.0,1.0,1.0,2410.0,0.0,2410.0,2410.0,2.3969180583953857,0.0019622601103037596,-0.0010914226295426488,4.190359504718799e-06,0.0005898007620184885,1.0,0.0,1.0,1.0
101,12928,765.6699325991403,16,1.0,0.0,1.0,1.0,2410.0,0.0,2410.0,2410.0,2.3969638347625732,-0.0011289403773844242,0.000645542168058455,3.943798219552264e-06,0.00043465282870050963,1.0,0.0,1.0,1.0
102,13056,845.8776191879198,16,1.0,0.0,1.0,1.0,2410.0,0.0,2410.0,2410.0,2.3966991901397705,0.0006541808834299445,0.00025799594004638493,1.4685884707432706e-05,0.0009906273938483214,1.0,0.0,1.0,1.0
103,13184,836.1042687390011,16,1.0,0.0,1.0,1.0,2410.0,0.0,2410.0,2410.0,2.3939473628997803,-0.0006260957452468574,-0.00039768521673977375,1.446746045985492e-05,0.002858347287034167,1.0,0.0,1.0,1.0
104,13312,834.5238836919384,16,1.0,0.0,1.0,1.0,2410.0,0.0,2410.0,2410.0,2.396298885345459,-0.0020475024357438087,0.00028596215997822583,9.316344403487165e-06,0.001354751900095823,1.0,0.0,1.0,1.0
105,13440,842.5800007847138,16,1.0,0.0,1.0,1.0,5440.0,0.0,5440.0,5440.0,2.3766257762908936,0.1640193611383438,-0.14227117598056793,0.043786756694316864,0.11768394452789294,1.0,0.0,1.0,1.0
106,13568,881.6584287598143,16,1.0,0.0,1.0,1.0,5440.0,0.0,5440.0,5440.0,2.3893749713897705,0.1003844141960144,0.02098623476922512,0.000348623696481809,0.011433974161896463,1.0,0.0,1.0,1.0
107,13696,843.7267302521259,17,1.0,0.0,1.0,1.0,5440.0,0.0,5440.0,5440.0,2.367177963256836,0.10258492827415466,0.019763944670557976,0.0003886473423335701,0.012695247045475432,1.0,0.0,1.0,1.0
108,13824,854.2560965907463,17,1.0,0.0,1.0,1.0,5440.0,0.0,5440.0,5440.0,2.373591423034668,0.09442707896232605,0.011693567968904972,0.0002123503218172118,0.015098806441096164,1.0,0.0,1.0,1.0
109,13952,732.2977471996858,17,1.0,0.0,1.0,1.0,5440.0,0.0,5440.0,5440.0,2.35861873626709,0.08700288087129593,0.015137020498514175,0.00017846078844740987,0.010543262807493388,1.0,0.0,1.0,1.0
110,14080,836.4481698102037,17,1.0,0.0,1.0,1.0,5440.0,0.0,5440.0,5440.0,2.376788854598999,0.07614653557538986,0.012455970980226994,6.38621422694996e-05,0.002846438202542713,1.0,0.0,1.0,1.0
111,14208,792.7312718348833,17,1.0,0.0,1.0,1.0,5440.0,0.0,5440.0,5440.0,2.3843817710876465,0.05937480926513672,0.011082622222602367,6.514249253086746e-05,0.008137230348274153,1.0,0.0,1.0,1.0
112,14336,794.0831931890624,17,1.0,0.0,1.0,1.0,5440.0,0.0,5440.0,5440.0,2.387233257293701,0.04747994989156723,0.009681029245257378,5.383765164879151e-05,0.005299087626409336,1.0,0.0,1.0,1.0
113,14464,812.399427400635,17,1.0,0.0,1.0,1.0,5440.0,0.0,5440.0,5440.0,2.374476671218872,0.050584662705659866,0.004033606965094805,3.858698983094655e-05,0.0037679796094200056,1.0,0.0,1.0,1.0
114,14592,864.5375657013295,18,1.0,0.0,1.0,1.0,1125.0,0.0,1125.0,1125.0,2.3560495376586914,0.17988692224025726,-0.12072613090276718,0.027601800858974457,0.08965295879411876,1.0,0.0,1.0,1.0
115,14720,829.4722114071354,18,1.0,0.0,1.0,1.0,1125.0,0.0,1125.0,1125.0,2.301445245742798,0.19345775246620178,0.027126053348183632,0.014577158726751804,0.07727212712475214,1.0,0.0,1.0,1.0
116,14848,791.7212235255255,18,1.0,0.0,1.0,1.0,1125.0,0.0,1125.0,1125.0,2.3783936500549316,0.12674835324287415,0.01995157264173031,0.000297374848742038,0.006624493720269694,1.0,0.0,1.0,1.0
117,14976,851.9366971501657,18,1.0,0.0,1.0,1.0,1125.0,0.0,1125.0,1125.0,2.369694232940674,0.13453851640224457,0.006588042248040438,0.000770043465308845,0.02328099570083784,1.0,0.0,1.0,1.0
118,15104,880.6749724825422,18,1.0,0.0,1.0,1.0,1125.0,0.0,1125.0,1125.0,2.3500845432281494,0.16668394207954407,0.008663997985422611,0.0010716476244851947,0.015404631196478481,1.0,0.0,1.0,1.0
119,15232,805.817256140393,18,1.0,0.0,1.0,1.0,1125.0,0.0,1125.0,1125.0,2.3498096466064453,0.10617843270301819,0.02857525274157524,0.0006464807665906847,0.023921246304931414,1.0,0.0,1.0,1.0
120,15360,786.9468968954296,19,1.0,0.0,1.0,1.0,1125.0,0.0,1125.0,1125.0,2.362395763397217,0.07878085225820541,0.013397304341197014,0.00014455858035944402,0.00687978434555879,1.0,0.0,1.0,1.0
121,15488,821.3606839280578,19,1.0,0.0,1.0,1.0,1125.0,0.0,1125.0,1125.0,2.340273857116699,0.05975582078099251,0.013238498009741306,0.00014167475455906242,0.005862664137565306,1.0,0.0,1.0,1.0
122,15616,855.1350896753846,19,1.0,0.0,1.0,1.0,1125.0,0.0,1125.0,1125.0,2.3755550384521484,0.05665905028581619,0.008499065414071083,6.917487917235121e-05,0.004371826987855289,1.0,0.0,1.0,1.0
123,15744,832.8512576440621,19,1.0,0.0,1.0,1.0,1213.0,0.0,1213.0,1213.0,2.309943675994873,0.19644226133823395,-0.13007865846157074,0.035916510969400406,0.08027856658893365,1.0,0.0,1.0,1.0
124,15872,867.6393114103417,19,1.0,0.0,1.0,1.0,1213.0,0.0,1213.0,1213.0,2.3237884044647217,0.1886654943227768,0.00903753936290741,0.0015796166844666004,0.022449466933152588,1.0,0.0,1.0,1.0
125,16000,832.617469940245,19,1.0,0.0,1.0,1.0,1213.0,0.0,1213.0,1213.0,2.3531992435455322,0.16730277240276337,0.0284618828445673,0.0009166888194158673,0.027028450482556157,1.0,0.0,1.0,1.0
126,16128,810.8276992178238,20,1.0,0.0,1.0,1.0,1213.0,0.0,1213.0,1213.0,2.359184503555298,0.11610673367977142,0.0224795900285244,0.0001142767068813555,0.01025485785774295,1.0,0.0,1.0,1.0
127,16256,796.2431305663288,20,1.0,0.0,1.0,1.0,1213.0,0.0,1213.0,1213.0,2.3329029083251953,0.08950356394052505,0.01624581217765808,0.00012288917787373066,0.009277650518705837,1.0,0.0,1.0,1.0
128,16384,826.0836099147714,20,1.0,0.0,1.0,1.0,1213.0,0.0,1213.0,1213.0,2.371020793914795,0.07640513777732849,0.012171126902103424,7.412854029098526e-05,0.004034228763194581,1.0,0.0,1.0,1.0
129,16512,802.0444532087998,20,1.0,0.0,1.0,1.0,1213.0,0.0,1213.0,1213.0,2.3720924854278564,0.0691373348236084,0.009737513959407806,9.610175766283646e-05,0.005289150838276905,1.0,0.0,1.0,1.0
130,16640,884.9311450333865,20,1.0,0.0,1.0,1.0,1213.0,0.0,1213.0,1213.0,2.3743515014648438,0.05978623032569885,0.016918452456593513,0.0001685754832578823,0.008434576287341468,1.0,0.0,1.0,1.0
131,16768,872.2913666259391,20,1.0,0.0,1.0,1.0,1213.0,0.0,1213.0,1213.0,2.374490737915039,0.061170075088739395,0.006530487444251776,0.00014898928930051625,0.005349934552972142,1.0,0.0,1.0,1.0
132,16896,867.2020468950901,20,1.0,0.0,1.0,1.0,1213.0,0.0,1213.0,1213.0,2.3719253540039062,0.04945524409413338,0.007363205775618553,5.459406747831963e-05,0.003661153073204128,1.0,0.0,1.0,1.0
133,17024,823.6919970665218,21,1.0,0.0,1.0,1.0,1213.0,0.0,1213.0,1213.0,2.375187873840332,0.03917243704199791,0.007028648629784584,5.9591424360405654e-05,0.008083326122387635,1.0,0.0,1.0,1.0
134,17152,830.9306060287134,21,1.0,0.0,1.0,1.0,1320.0,0.0,1320.0,1320.0,2.359748363494873,0.10315309464931488,-0.04994339495897293,0.03299107402563095,0.040948834249165046,1.0,0.0,1.0,1.0
135,17280,855.4552960953496,21,1.0,0.0,1.0,1.0,1320.0,0.0,1320.0,1320.0,2.364271640777588,0.08876419812440872,0.01402604766190052,0.0005114960949867964,0.009855377382460511,1.0,0.0,1.0,1.0
136,17408,862.0748595780759,21,1.0,0.0,1.0,1.0,1320.0,0.0,1320.0,1320.0,2.3681652545928955,0.05440470203757286,0.012630644254386425,0.0003381485876161605,0.02014198260047278,1.0,0.0,1.0,1.0
137,17536,818.7814639428393,21,1.0,0.0,1.0,1.0,1320.0,0.0,1320.0,1320.0,2.3770689964294434,0.044140465557575226,0.011270513758063316,0.0001296119880862534,0.009881090405609753,1.0,0.0,1.0,1.0
138,17664,726.3601041772366,21,1.0,0.0,1.0,1.0,1320.0,0.0,1320.0,1320.0,2.375750780105591,0.037103790789842606,0.005815327633172274,4.144980266573839e-05,0.0038570070062217674,1.0,0.0,1.0,1.0
139,17792,705.677418676425,22,1.0,0.0,1.0,1.0,1320.0,0.0,1320.0,1320.0,2.3831570148468018,0.033080462366342545,0.004255561623722315,9.333337948191911e-05,0.005549608333694158,1.0,0.0,1.0,1.0
140,17920,802.8396431962794,22,1.0,0.0,1.0,1.0,1320.0,0.0,1320.0,1320.0,2.383859634399414,0.027479855343699455,0.0049406904727220535,3.568888132576831e-05,0.002113746000582725,1.0,0.0,1.0,1.0
141,18048,764.4162157852172,22,1.0,0.0,1.0,1.0,1320.0,0.0,1320.0,1320.0,2.3859975337982178,0.021914193406701088,0.003621115582063794,1.661902933847159e-05,0.0017465165523178681,1.0,0.0,1.0,1.0
142,18176,808.0148337226383,22,1.0,0.0,1.0,1.0,1320.0,0.0,1320.0,1320.0,2.3880198001861572,0.020342934876680374,0.0030541331507265568,1.09270486063906e-05,0.0014522118038762062,1.0,0.0,1.0,1.0
143,18304,795.4114495673817,22,1.0,0.0,1.0,1.0,1320.0,0.0,1320.0,1320.0,2.389549970626831,0.01684296876192093,0.0028961526695638895,1.240903111465741e-05,0.0010663734421754887,1.0,0.0,1.0,1.0
144,18432,827.8146482869214,22,1.0,0.0,1.0,1.0,1320.0,0.0,1320.0,1320.0,2.391026020050049,0.015668269246816635,0.0019991497974842787,5.349189905246021e-06,0.001313139810687538,1.0,0.0,1.0,1.0
145,18560,781.7218206703748,23,1.0,0.0,1.0,1.0,1320.0,0.0,1320.0,1320.0,2.3908708095550537,0.013642029836773872,0.0021762021351605654,1.1718503628799226e-05,0.0013602068978423023,1.0,0.0,1.0,1.0
146,18688,890.4291706402846,23,1.0,0.0,1.0,1.0,1320.0,0.0,1320.0,1320.0,2.385591506958008,0.009914001449942589,0.00556223327293992,0.00015258618805091828,0.003581763544317543,1.0,0.0,1.0,1.0
147,18816,799.4301566336643,23,1.0,0.0,1.0,1.0,1730.0,0.0,1730.0,1730.0,2.3730432987213135,0.16628079116344452,-0.14065419137477875,0.038101255893707275,0.11122985309520785,1.0,0.0,1.0,1.0
148,18944,847.9698511352418,23,1.0,0.0,1.0,1.0,1730.0,0.0,1730.0,1730.0,2.3865702152252197,0.11869210749864578,0.00977810937911272,0.0008816932095214725,0.01491758081258645,1.0,0.0,1.0,1.0
149,19072,858.6280271116613,23,1.0,0.0,1.0,1.0,1730.0,0.0,1730.0,1730.0,2.375523090362549,0.1494571566581726,0.016215350478887558,0.0012589235557243228,0.021258756223663057,1.0,0.0,1.0,1.0
150,19200,874.9497426670708,23,1.0,0.0,1.0,1.0,1730.0,0.0,1730.0,1730.0,2.3837673664093018,0.10887528955936432,0.014855570159852505,0.00044316748972050846,0.010156773291264255,1.0,0.0,1.0,1.0
151,19328,817.2285060606661,23,1.0,0.0,1.0,1.0,1730.0,0.0,1730.0,1730.0,2.3868510723114014,0.07027626037597656,0.01578630693256855,0.0001542311511002481,0.006727036237543985,1.0,0.0,1.0,1.0
152,19456,836.4755377244576,24,1.0,0.0,1.0,1.0,1730.0,0.0,1730.0,1730.0,2.3927464485168457,0.059987910091876984,0.007206634618341923,5.74475088797044e-05,0.004047871930108239,1.0,0.0,1.0,1.0
153,19584,809.5878734688399,24,1.0,0.0,1.0,1.0,1730.0,0.0,1730.0,1730.0,2.3924198150634766,0.05236959084868431,0.009137885645031929,4.5965007302584127e-05,0.003636877517438083,1.0,0.0,1.0,1.0
154,19712,809.4914387382769,24,1.0,0.0,1.0,1.0,1730.0,0.0,1730.0,1730.0,2.3925981521606445,0.039967864751815796,0.006513596978038549,2.2023201381671242e-05,0.0026283114345944554,1.0,0.0,1.0,1.0
155,19840,826.7030975713415,24,1.0,0.0,1.0,1.0,1730.0,0.0,1730.0,1730.0,2.3905961513519287,0.036671482026576996,0.004721522331237793,3.758312959689647e-05,0.0028763777111476,1.0,0.0,1.0,1.0
156,19968,834.1154649874697,24,1.0,0.0,1.0,1.0,1169.0,0.0,1169.0,1169.0,2.3781044483184814,0.16251704096794128,-0.1368008553981781,0.03946844860911369,0.07657391171105121,1.0,0.0,1.0,1.0
157,20096,822.575098326722,24,1.0,0.0,1.0,1.0,1169.0,0.0,1169.0,1169.0,2.3162965774536133,0.27196723222732544,-0.024474136531352997,0.005731460638344288,0.0321875079865887,1.0,0.0,1.0,1.0
158,20224,814.0932838593358,25,1.0,0.0,1.0,1.0,1169.0,0.0,1169.0,1169.0,2.286656618118286,0.2112223505973816,0.05431222543120384,0.0024565132334828377,0.054893507836661894,1.0,0.0,1.0,1.0
159,20352,779.2483046911286,25,1.0,0.0,1.0,1.0,1169.0,0.0,1169.0,1169.0,2.377685070037842,0.1667676568031311,0.028101684525609016,0.0002945309388451278,0.010959989462440683,1.0,0.0,1.0,1.0
160,20480,803.0774266024648,25,1.0,0.0,1.0,1.0,1169.0,0.0,1169.0,1169.0,2.3759689331054688,0.18919210135936737,0.02367336116731167,0.002291722921654582,0.04691519945010461,1.0,0.0,1.0,1.0
161,20608,854.9008777181875,25,1.0,0.0,1.0,1.0,1169.0,0.0,1169.0,1169.0,2.374999523162842,0.16330116987228394,0.026655107736587524,0.00015025683387648314,0.009692218046751999,1.0,0.0,1.0,1.0
162,20736,878.7232567389074,25,1.0,0.0,1.0,1.0,1169.0,0.0,1169.0,1169.0,2.3791539669036865,0.12497736513614655,0.02700032852590084,0.00015761726535856724,0.014035066628552608,1.0,0.0,1.0,1.0
163,20864,858.2711382100824,25,1.0,0.0,1.0,1.0,1169.0,0.0,1169.0,1169.0,2.377361536026001,0.10608149319887161,0.017674775794148445,6.28698107902892e-05,0.005345792734318704,1.0,0.0,1.0,1.0
164,20992,783.7440029897461,26,1.0,0.0,1.0,1.0,1169.0,0.0,1169.0,1169.0,2.3776772022247314,0.08459223806858063,0.01431889645755291,5.011889879824594e-05,0.005344379987817953,1.0,0.0,1.0,1.0
165,21120,723.6627379090958,26,1.0,0.0,1.0,1.0,1169.0,0.0,1169.0,1169.0,2.3790571689605713,0.07097177952528,0.011471040546894073,2.6033281756099313e-05,0.00376993022113372,1.0,0.0,1.0,1.0
166,21248,806.6235843131834,26,1.0,0.0,1.0,1.0,1169.0,0.0,1169.0,1169.0,2.3839704990386963,0.06088012829422951,0.012143798172473907,1.5002106920292135e-05,0.0031841348598397267,1.0,0.0,1.0,1.0
167,21376,833.4071916893826,26,1.0,0.0,1.0,1.0,1169.0,0.0,1169.0,1169.0,2.386234760284424,0.046130768954753876,0.007769583258777857,2.8609225410036743e-05,0.0031828605177579745,1.0,0.0,1.0,1.0
168,21504,837.0219673654441,26,1.0,0.0,1.0,1.0,1169.0,0.0,1169.0,1169.0,2.3876569271087646,0.040207747370004654,0.006934152916073799,2.554740603954997e-05,0.0025706163955965173,1.0,0.0,1.0,1.0
169,21632,831.1415726440682,26,1.0,0.0,1.0,1.0,1169.0,0.0,1169.0,1169.0,2.3857126235961914,0.03413344919681549,0.005361221730709076,2.598951687105e-05,0.002442928228390556,1.0,0.0,1.0,1.0
170,21760,833.603885497084,27,1.0,0.0,1.0,1.0,1169.0,0.0,1169.0,1169.0,2.3881475925445557,0.03108767233788967,0.004683852195739746,3.417104744585231e-05,0.0024178795834354774,1.0,0.0,1.0,1.0
171,21888,814.0722985103596,27,1.0,0.0,1.0,1.0,1169.0,0.0,1169.0,1169.0,2.3917882442474365,0.024251332506537437,0.005739905871450901,1.4933324564481154e-05,0.0015793156644829652,1.0,0.0,1.0,1.0
172,22016,853.0480554725783,27,1.0,0.0,1.0,1.0,1169.0,0.0,1169.0,1169.0,2.392441749572754,0.017027774825692177,0.0032889130525290966,1.99907135538524e-05,0.001523558842909799,1.0,0.0,1.0,1.0
173,22144,825.9285653848107,27,1.0,0.0,1.0,1.0,1169.0,0.0,1169.0,1169.0,2.3927059173583984,0.016301354393363,0.0034369274508208036,1.2162157872808166e-05,0.0010484858749887991,1.0,0.0,1.0,1.0
174,22272,865.1519568899253,27,1.0,0.0,1.0,1.0,1169.0,0.0,1169.0,1169.0,2.3923044204711914,0.008947696536779404,0.0017417995259165764,1.2223271369293798e-05,0.0010752200594074735,1.0,0.0,1.0,1.0
175,22400,845.2304034938293,27,1.0,0.0,1.0,1.0,1169.0,0.0,1169.0,1169.0,2.393404722213745,0.012145107612013817,-0.0003102676128037274,6.122420745668933e-05,0.0018262743886479074,1.0,0.0,1.0,1.0
176,22528,861.8133123580355,27,1.0,0.0,1.0,1.0,1169.0,0.0,1169.0,1169.0,2.3934133052825928,0.00833893846720457,0.0016909308033064008,6.6598008743312676e-06,0.0014460955063820924,1.0,0.0,1.0,1.0
177,22656,836.8797487198273,28,1.0,0.0,1.0,1.0,1169.0,0.0,1169.0,1169.0,2.393327236175537,0.009777859784662724,0.0020913509652018547,3.189310518791899e-05,0.0014664541406687588,1.0,0.0,1.0,1.0
178,22784,865.3611325578134,28,1.0,0.0,1.0,1.0,1169.0,0.0,1169.0,1169.0,2.3936846256256104,0.007614614441990852,0.002562206704169512,4.573126352624968e-05,0.002002560842076507,1.0,0.0,1.0,1.0
179,22912,863.9824393980601,28,1.0,0.0,1.0,1.0,1169.0,0.0,1169.0,1169.0,2.3947248458862305,0.0017582119908183813,0.0003739320964086801,7.384628133877413e-06,0.0009140714545457028,1.0,0.0,1.0,1.0
180,23040,847.9859235239207,28,1.0,0.0,1.0,1.0,1169.0,0.0,1169.0,1169.0,2.3898673057556152,0.00022152630845084786,0.0018102655885741115,1.0444396139064338e-05,0.00143008511344024,1.0,0.0,1.0,1.0
181,23168,855.2672309282916,28,1.0,0.0,1.0,1.0,1169.0,0.0,1169.0,1169.0,2.393648624420166,0.0021352851763367653,0.0002886694564949721,2.9834483939339407e-05,0.0022180770192979553,1.0,0.0,1.0,1.0
182,23296,798.9566599450865,28,1.0,0.0,1.0,1.0,3265.0,0.0,3265.0,3265.0,2.368597984313965,0.10760103166103363,-0.11984283477067947,0.04462529718875885,0.04517114008936201,1.0,0.0,1.0,1.0
183,23424,796.9558644522691,29,1.0,0.0,1.0,1.0,3265.0,0.0,3265.0,3265.0,2.383100748062134,0.11306646466255188,0.010876886546611786,0.0006673019379377365,0.02705572176026878,1.0,0.0,1.0,1.0
184,23552,834.0234639093259,29,1.0,0.0,1.0,1.0,3265.0,0.0,3265.0,3265.0,2.3726298809051514,0.10424769669771194,0.015878845006227493,0.0009719054796732962,0.013505019082975954,1.0,0.0,1.0,1.0
185,23680,845.2197580232531,29,1.0,0.0,1.0,1.0,3265.0,0.0,3265.0,3265.0,2.3654308319091797,0.10146187990903854,0.013908497989177704,0.0006122785271145403,0.011018949956610336,1.0,0.0,1.0,1.0
186,23808,877.7405939007703,29,1.0,0.0,1.0,1.0,3265.0,0.0,3265.0,3265.0,2.367659330368042,0.07932311296463013,0.015848424285650253,0.00018430296040605754,0.008832435994908499,1.0,0.0,1.0,1.0
187,23936,862.9811223702485,29,1.0,0.0,1.0,1.0,3265.0,0.0,3265.0,3265.0,2.3774776458740234,0.06598199903964996,0.013077456504106522,8.521287963958457e-05,0.008257583893668027,1.0,0.0,1.0,1.0
188,24064,891.9306751727804,29,1.0,0.0,1.0,1.0,3265.0,0.0,3265.0,3265.0,2.3779666423797607,0.05334373936057091,0.010979103855788708,8.992946823127568e-05,0.007540689693753951,1.0,0.0,1.0,1.0
189,24192,824.5712381218601,29,1.0,0.0,1.0,1.0,3265.0,0.0,3265.0,3265.0,2.3689911365509033,0.03804174065589905,0.00731418002396822,6.787125312257558e-05,0.011323944241370745,1.0,0.0,1.0,1.0
190,24320,845.1119877342719,30,1.0,0.0,1.0,1.0,3265.0,0.0,3265.0,3265.0,2.389011859893799,0.034393709152936935,0.006066928151994944,4.198174428893253e-05,0.0019680736344525524,1.0,0.0,1.0,1.0
191,24448,818.5817169953724,30,1.0,0.0,1.0,1.0,3265.0,0.0,3265.0,3265.0,2.3896737098693848,0.0296943299472332,0.00522367050871253,2.0010023945360444e-05,0.004044678038775162,1.0,0.0,1.0,1.0
192,24576,839.0954845183262,30,1.0,0.0,1.0,1.0,3265.0,0.0,3265.0,3265.0,2.392291307449341,0.02509862743318081,0.004579026717692614,1.4649311196990311e-05,0.0017248928707250552,1.0,0.0,1.0,1.0
193,24704,844.4725842198233,30,1.0,0.0,1.0,1.0,3265.0,0.0,3265.0,3265.0,2.3931381702423096,0.02220558002591133,0.0021553735714405775,1.9863704437739216e-05,0.0014293980097473075,1.0,0.0,1.0,1.0
194,24832,814.7728058447067,30,1.0,0.0,1.0,1.0,3265.0,0.0,3265.0,3265.0,2.392934799194336,0.021264007315039635,0.002967434236779809,1.9766999685089104e-05,0.0016815327605742517,1.0,0.0,1.0,1.0
195,24960,872.0589959001748,30,1.0,0.0,1.0,1.0,3265.0,0.0,3265.0,3265.0,2.3941054344177246,0.012934407219290733,0.003194437362253666,1.0814264896907844e-05,0.0020314967151404332,1.0,0.0,1.0,1.0
196,25088,880.4684365549499,31,1.0,0.0,1.0,1.0,3265.0,0.0,3265.0,3265.0,2.395996332168579,0.010373036377131939,0.0017772400751709938,8.45427257445408e-06,0.0011125040605898383,1.0,0.0,1.0,1.0
197,25216,836.0118284408912,31,1.0,0.0,1.0,1.0,3265.0,0.0,3265.0,3265.0,2.3951423168182373,0.011472360230982304,0.002296233782544732,1.3068624866718892e-05,0.0018651450651794455,1.0,0.0,1.0,1.0
198,25344,866.035365967757,31,1.0,0.0,1.0,1.0,3265.0,0.0,3265.0,3265.0,2.395838499069214,0.006108063273131847,0.0014737743185833097,5.604655598290265e-06,0.001193363925505,1.0,0.0,1.0,1.0
199,25472,840.7709264485252,31,1.0,0.0,1.0,1.0,3265.0,0.0,3265.0,3265.0,2.3961188793182373,0.004275016486644745,0.0008718108292669058,7.879909389885142e-06,0.0007192393709016397,1.0,0.0,1.0,1.0
200,25600,852.3830581077626,31,1.0,0.0,1.0,1.0,3265.0,0.0,3265.0,3265.0,2.395720958709717,0.006722215563058853,-0.0012911844532936811,2.3454736947314814e-05,0.0019718862796080545,1.0,0.0,1.0,1.0
201,25728,823.441851333775,31,1.0,0.0,1.0,1.0,3265.0,0.0,3265.0,3265.0,2.3950746059417725,0.0037922379560768604,0.001976338215172291,2.4298684365930967e-05,0.0016454779394780414,1.0,0.0,1.0,1.0
202,25856,785.2904913121893,31,1.0,0.0,1.0,1.0,3265.0,0.0,3265.0,3265.0,2.395859718322754,0.0010885854717344046,0.0003028460778295994,1.3237091479822993e-05,0.0012275643628574988,1.0,0.0,1.0,1.0
203,25984,792.3790991863247,32,1.0,0.0,1.0,1.0,3265.0,0.0,3265.0,3265.0,2.395590305328369,0.0015178904868662357,8.554318628739566e-05,1.5298537618946284e-05,0.0011021141654208879,1.0,0.0,1.0,1.0
204,26112,797.2446302984224,32,1.0,0.0,1.0,1.0,3265.0,0.0,3265.0,3265.0,2.3954622745513916,0.00027183431666344404,0.0022528753615915775,1.0285556527378503e-05,0.0010992728297002223,1.0,0.0,1.0,1.0
205,26240,827.9384803290343,32,1.0,0.0,1.0,1.0,3265.0,0.0,3265.0,3265.0,2.3966939449310303,0.0003461980086285621,-0.0014366107061505318,1.685617280600127e-05,0.0018002598516931331,1.0,0.0,1.0,1.0
206,26368,712.2353674731322,32,1.0,0.0,1.0,1.0,3265.0,0.0,3265.0,3265.0,2.395059108734131,0.002148193772882223,9.014855459099635e-05,6.4123164520424325e-06,0.0007450786168554028,1.0,0.0,1.0,1.0
207,26496,797.1203406615759,32,1.0,0.0,1.0,1.0,3265.0,0.0,3265.0,3265.0,2.3964056968688965,0.0014073532074689865,-0.0005989258643239737,5.563210379477823e-06,0.0008120336344630521,1.0,0.0,1.0,1.0
208,26624,816.9611355598975,32,1.0,0.0,1.0,1.0,3265.0,0.0,3265.0,3265.0,2.39638090133667,0.0013018309837207198,0.0005021314136683941,3.52336769537942e-06,0.0009564218323296021,1.0,0.0,1.0,1.0
209,26752,836.6619478183898,33,1.0,0.0,1.0,1.0,3265.0,0.0,3265.0,3265.0,2.394411087036133,-1.3505761671694927e-05,-8.175260882126167e-05,1.8807240849127993e-05,0.0018213452897455473,1.0,0.0,1.0,1.0
210,26880,863.930997637699,33,1.0,0.0,1.0,1.0,3265.0,0.0,3265.0,3265.0,2.395331382751465,0.004092261660844088,-0.0013857923913747072,3.380855196155608e-05,0.002433761146391404,1.0,0.0,1.0,1.0
211,27008,864.3051328242849,33,1.0,0.0,1.0,1.0,3265.0,0.0,3265.0,3265.0,2.396047592163086,0.002245668787509203,0.0012871508952230215,1.921353759826161e-05,0.0020344664186261394,1.0,0.0,1.0,1.0
212,27136,825.7100768541034,33,1.0,0.0,1.0,1.0,3880.0,0.0,3880.0,3880.0,2.3861989974975586,0.11508820205926895,-0.1391308605670929,0.046613723039627075,0.030793420606393784,1.0,0.0,1.0,1.0
213,27264,885.260921255493,33,1.0,0.0,1.0,1.0,3880.0,0.0,3880.0,3880.0,2.377804756164551,0.13904137909412384,0.01367527712136507,0.001085195573978126,0.029477316598987047,1.0,0.0,1.0,1.0
